fcaf4e521d979c24cf8e3852ba2619a99c9b03f9,0x726d77/storm,0x726d77,storm,master,storm-client/src/jvm/org/apache/storm/messaging/netty/Client.java,.java,23947,5,13356622,1,,https://stackoverflow.com/q/13356622,"https://raw.githubusercontent.com/0x726d77/storm/master/storm-client/src/jvm/org/apache/storm/messaging/netty/Client.java
"
3a0e464e74157042547a4f9f8f786d1ee7efa796,1032231418/python,1032231418,python,master,lesson1/zhangbaocheng/opsweb/static/plugins/bootstrap-slider/bootstrap-slider.js,.js,51062,2736,846221,1,,https://stackoverflow.com/q/846221,"https://raw.githubusercontent.com/1032231418/python/master/lesson1/zhangbaocheng/opsweb/static/plugins/bootstrap-slider/bootstrap-slider.js
"
01a5386e2d3367c7d0d07d3f91c3155acf691513,13W/ng-json-explorer,13W,ng-json-explorer,master,demo/libs/angular/angular.js,.js,952033,1196,3143070,1,,https://stackoverflow.com/q/3143070,"https://raw.githubusercontent.com/13W/ng-json-explorer/master/demo/libs/angular/angular.js
"
2388aa246e09bb833211503b51544d91a3de8274,1yvT0s/illacceptanything,1yvT0s,illacceptanything,master,web/exec_rb/js/events.js,.js,7937,12,901144,2,,https://stackoverflow.com/a/901144,"https://raw.githubusercontent.com/1yvT0s/illacceptanything/master/web/exec_rb/js/events.js
"
500161e8be00542a123b118753cc8440e0a1a074,27grace/27grace.github.io,27grace,27grace.github.io,master,oldportfolio/BUDGET/vendor/chart.js/Chart.bundle.js,.js,494097,392,14853974,2,,https://stackoverflow.com/a/14853974,"https://raw.githubusercontent.com/27grace/27grace.github.io/master/oldportfolio/BUDGET/vendor/chart.js/Chart.bundle.js
"
232229ecc8af2056bc7816eebb411751516a9a04,28f7638e5aa88893ed84d47ec62977f7/8090c7511d3688bd6ee9b6bd4544c2dc,28f7638e5aa88893ed84d47ec62977f7,8090c7511d3688bd6ee9b6bd4544c2dc,master,node_modules/jju/lib/stringify.js,.js,11039,159,6903762,1,,https://stackoverflow.com/q/6903762,"https://raw.githubusercontent.com/28f7638e5aa88893ed84d47ec62977f7/8090c7511d3688bd6ee9b6bd4544c2dc/master/node_modules/jju/lib/stringify.js
"
0dc9007d429ae4fed6d746b8cfff0e19fb58521d,28f7638e5aa88893ed84d47ec62977f7/8090c7511d3688bd6ee9b6bd4544c2dc,28f7638e5aa88893ed84d47ec62977f7,8090c7511d3688bd6ee9b6bd4544c2dc,master,node_modules/buffer/index.js,.js,42782,233,22747272,2,,https://stackoverflow.com/a/22747272,"https://raw.githubusercontent.com/28f7638e5aa88893ed84d47ec62977f7/8090c7511d3688bd6ee9b6bd4544c2dc/master/node_modules/buffer/index.js
"
db2b85e5e627fdc1187d421062380aeca47e0e98,28f7638e5aa88893ed84d47ec62977f7/8090c7511d3688bd6ee9b6bd4544c2dc,28f7638e5aa88893ed84d47ec62977f7,8090c7511d3688bd6ee9b6bd4544c2dc,master,node_modules/socket.io-client/socket.io.js,.js,184656,1077,13216903,1,,https://stackoverflow.com/q/13216903,"https://raw.githubusercontent.com/28f7638e5aa88893ed84d47ec62977f7/8090c7511d3688bd6ee9b6bd4544c2dc/master/node_modules/socket.io-client/socket.io.js
"
